{"Swift": [1.3929359823399559, 0.5916769674495261, 0.3860227272727273, 0.7449937976253765, 0.5491893593577837], "Java": [3.556367641169403, 1.5923479340308566, 0.9815381997617832, 2.1985826296743065, 1.372895134130763], "Python": [2.4151949085123308, 1.111236468973929, 0.6320801879718042, 1.4913424780751068, 0.9778407626900284], "Ruby": [1.9947049924357034, 0.9369887525562373, 0.557992001103296, 1.3310229445506692, 0.8698907324969648], "SQL": [3.9823482214495853, 1.6973331905322908, 0.9358577131621283, 1.9446670005007511, 1.3190266982088543], "C": [3.726915926461475, 1.7465102753005042, 1.1206138382841246, 2.8450172385486785, 1.4112554112554112], "Rust": [0.6832229580573952, 0.3556064655721013, 0.279032104410784, 0.5489917637034933, 0.4175858808698393], "R": [1.8314307458143075, 0.7169436159636415, 0.4882684882684883, 0.979864200421447, 0.8239103362391034], "TypeScript": [2.393886156008433, 1.096294981060606, 0.6145868465430017, 1.4524198250728864, 0.9199776993123955], "JavaScript": [3.349421204140381, 1.539555440010399, 0.8677440264646058, 2.046242553841454, 1.2549448767833982], "Scala": [1.0954516335682254, 0.5320791123974915, 0.36893203883495146, 0.6199134199134199, 0.5804107424960505], "Go": [0.9587521663778162, 0.46371305299761734, 0.29531066822977725, 0.6250694168980563, 0.5017734988598936], "C#": [2.645921272209679, 1.3270483373328763, 0.8036438148692592, 1.680854175808103, 1.1046724818045448], "Objective-C": [2.988069414316703, 1.1808960270498732, 0.8207646439845668, 1.5147540983606558, 1.2128571428571429], "Assembly": [2.995319812792512, 1.4004801920768308, 0.7626100021463833, 1.8760631834750912, 1.0863610955841252], "C++": [2.59866614358572, 1.3424030348616653, 0.8131822496440436, 2.055863058630586, 1.0508230047871991], "PHP": [4.486672879776328, 1.880921267559621, 1.1690426112019943, 2.5513650436251054, 1.6749887031179393], "VBA": [8.561797752808989, 4.48078725398313, 2.1322364411943937, 3.6464454976303315, 2.979420018709074]}