{"want": {"Swift": [0.035502402094093125, 0.031986293471277245, 0.026490544681722128, 0.027421823748086594, 0.020119010295435617, 0.019310150490464875], "Java": [0.07827770245381944, 0.0743183802573269, 0.0707658777702186, 0.06445562115800471, 0.054539523895481216, 0.050817187595198925], "Python": [0.09851328792996701, 0.10805423304393667, 0.12042962847011084, 0.12965959618047962, 0.11061497097580208, 0.1117635410954731], "Ruby": [0.0310822354757557, 0.0257788174824138, 0.021827606759905357, 0.020331899798333213, 0.01565058222572687, 0.014877688417717663], "SQL": [0.08790959035087031, 0.0922917250127675, 0.10104336622575964, 0.09704303034720704, 0.08433643368137037, 0.09445256808627307], "C": [0.03793976347406287, 0.03398955536152617, 0.03354365220323064, 0.029598853171999902, 0.030724797400647937, 0.029915311033936513], "Rust": [0.02130144125645587, 0.02588754715737797, 0.03159900540045877, 0.05133027188570596, 0.05024210582985771, 0.06516556997501981], "R": [0.020596095519487136, 0.023198958830991254, 0.020271287259854182, 0.02075467113735209, 0.012714910488930269, 0.011172546152440139], "TypeScript": [0.04460919927584504, 0.05566959358165434, 0.07140405907391464, 0.08333940763418131, 0.08520415110950658, 0.09919728264180833], "JavaScript": [0.1279575538609842, 0.12673596810596202, 0.13467732710404162, 0.12725903248536094, 0.11719885613308378, 0.12014485468835678], "Scala": [0.024467659897959983, 0.02049060147279287, 0.016743228354515735, 0.01683796195057949, 0.010023086350551507, 0.009333302869676477], "Go": [0.04522049891455128, 0.05116554916722953, 0.05135553321252039, 0.06125324975095366, 0.04999825823143987, 0.05902333516115275], "C#": [0.07983730025000588, 0.06727731009373816, 0.06757798154090681, 0.06644799183613966, 0.05700016784315216, 0.059712575397550725], "Objective-C": [0.014451750433003912, 0.011693382316601044, 0.008582334419044293, 0.007410647034526326, 0.004433592698506196, 0.003339578382989094], "Assembly": [0.015070887246565358, 0.013723002915932193, 0.014024937235470838, 0.011997959034915082, 0.011330996196610835, 0.011599037348443307], "C++": [0.05993087611777707, 0.05037478789476285, 0.05074143422217138, 0.047408703258254976, 0.04829132504251499, 0.04529945774690794], "PHP": [0.042046443098191964, 0.04034200425034184, 0.03864308205446215, 0.03453118546055349, 0.028032973262269174, 0.027893285810028635], "VBA": [0.0034875428105676466, 0.003515592823841452, 0.004939884525307501, 0.005126709915688704, 0.003385364710502231, 0.0035147444099189666]}, "have": {"Swift": [0.01707725148560549, 0.018034290875106104, 0.01664310053081755, 0.014589229652598531, 0.011516388390472407, 0.011651438647110683], "JavaScript": [0.16496711475220677, 0.15629528221807487, 0.17158561461254954, 0.16673037196737717, 0.14679560054239887, 0.15509537549090327], "Python": [0.08440546933594877, 0.08676751769847009, 0.10559270763311003, 0.10860107454379131, 0.10900573901847717, 0.11405987016109642], "Ruby": [0.0239716148387469, 0.022610027751658383, 0.021241394497114114, 0.017376515506156508, 0.015255653412592968, 0.01435641580508135], "SQL": [0.1352477932267928, 0.12766906075926937, 0.13775758559143275, 0.13491064794732932, 0.10638414442055089, 0.11730584275066122], "Java": [0.10474239889228638, 0.10152076801499904, 0.10406863540483531, 0.09909681630970224, 0.0798860414469449, 0.07895861718896102], "PHP": [0.07420815784918941, 0.06879610390723916, 0.0667288658121045, 0.06445115378173276, 0.04966510978098591, 0.0495144399027544], "R": [0.011783880459239601, 0.013755791122327367, 0.014626457430286734, 0.014121103060860752, 0.011464340012875125, 0.011046993134033288], "Rust": [0.0030000576934171813, 0.005307397488917914, 0.008095547159314804, 0.012579291625687695, 0.015885712720349547, 0.022124041569821805], "C#": [0.08997288409392488, 0.07703585994415371, 0.07851289956190168, 0.07748139304166327, 0.0629621005629443, 0.06639884053324785], "Objective-C": [0.016940229619800382, 0.015747851461463493, 0.012143320738972207, 0.010049690134554184, 0.006327986960511718, 0.005670433597819989], "C": [0.05029423642762361, 0.05156492487617501, 0.05220382003198813, 0.05362841055990517, 0.04747085975701626, 0.045724132403622664], "C++": [0.05881122713898344, 0.05679515503488249, 0.05946779165990589, 0.05886799259586932, 0.05494391102466819, 0.05351179503619994], "Assembly": [0.01314688744014308, 0.01646236377822681, 0.01690097586982221, 0.015259208994902145, 0.012688846580558561, 0.012980550880286393], "Scala": [0.009440085386257428, 0.009774528493322167, 0.009587747154678843, 0.008812805194916746, 0.0058842060567875195, 0.006134621036039646], "TypeScript": [0.02515432989095944, 0.03894377931286779, 0.05366994274587979, 0.06260871059039783, 0.06823542303003739, 0.08265875878282707], "VBA": [0.011351179830381353, 0.010889167707472941, 0.013852831413272758, 0.015027293068720124, 0.010538426769302415, 0.010636237343378483], "Go": [0.011228581318871517, 0.015810728545338666, 0.020864722653624164, 0.021636896964907684, 0.021583640373104687, 0.026455344500547675]}}