{"Swift": [0.0009570393895006121, -0.001391190344288553, -0.0020538708782190194, -0.0030728412621261244, 0.000135050256638276], "JavaScript": [-0.008671832534131896, 0.015290332394474665, -0.00485524264517237, -0.019934771424978293, 0.008299774948504396], "Python": [0.002362048362521324, 0.01882518993463994, 0.003008366910681279, 0.0004046644746858591, 0.005054131142619253], "Ruby": [-0.0013615870870885179, -0.0013686332545442687, -0.0038648789909576063, -0.00212086209356354, -0.000899237607511618], "SQL": [-0.007578732467523441, 0.010088524832163381, -0.002846937644103431, -0.028526503526778435, 0.010921698330110335], "Java": [-0.003221630877287343, 0.0025478673898362697, -0.00497181909513307, -0.019210774862757338, -0.0009274242579838804], "PHP": [-0.005412053941950254, -0.002067238095134663, -0.002277712030371734, -0.014786044000746852, -0.00015066987823150746], "R": [0.0019719106630877656, 0.0008706663079593672, -0.0005053543694259824, -0.002656763047985627, -0.00041734687884183684], "Rust": [0.002307339795500733, 0.00278814967039689, 0.004483744466372891, 0.0033064210946618516, 0.006238328849472258], "C#": [-0.012937024149771173, 0.0014770396177479633, -0.0010315065202384094, -0.01451929247871897, 0.003436739970303554], "Objective-C": [-0.0011923781583368896, -0.0036045307224912854, -0.0020936306044180234, -0.003721703174042466, -0.000657553362691729], "C": [0.0012706884485514033, 0.0006388951558131198, 0.0014245905279170398, -0.006157550802888913, -0.0017467273533935956], "C++": [-0.0020160721041009508, 0.0026726366250234, -0.0005997990640365727, -0.003924081571201131, -0.0014321159884682494], "Assembly": [0.0033154763380837306, 0.00043861209159539935, -0.0016417668749200646, -0.0025703624143435834, 0.00029170429972783136], "Scala": [0.00033444310706473926, -0.0001867813386433239, -0.0007749419597620974, -0.0029285991381292264, 0.00025041497925212645], "TypeScript": [0.01378944942190835, 0.014726163433011995, 0.008938767844518039, 0.005626712439639567, 0.014423335752789673], "VBA": [-0.0004620121229084121, 0.0029636637057998162, 0.0011744616554473664, -0.004488866299417709, 9.781057407606819e-05], "Go": [0.004582147226467149, 0.005053994108285498, 0.0007721743112835203, -5.325659180299702e-05, 0.004871704127442988]}