{
    "have": {
        "Swift": [
            0.0009570393895006121, -0.001391190344288553, -0.0020538708782190194, -0.0030728412621261244,
            0.000135050256638276
        ],
        "JavaScript": [
            -0.008671832534131896, 0.015290332394474665, -0.00485524264517237, -0.019934771424978293,
            0.008299774948504396
        ],
        "Python": [
            0.002362048362521324, 0.01882518993463994, 0.003008366910681279, 0.0004046644746858591, 0.005054131142619253
        ],
        "Ruby": [
            -0.0013615870870885179, -0.0013686332545442687, -0.0038648789909576063, -0.00212086209356354,
            -0.000899237607511618
        ],
        "SQL": [
            -0.007578732467523441, 0.010088524832163381, -0.002846937644103431, -0.028526503526778435,
            0.010921698330110335
        ],
        "Java": [
            -0.003221630877287343, 0.0025478673898362697, -0.00497181909513307, -0.019210774862757338,
            -0.0009274242579838804
        ],
        "PHP": [
            -0.005412053941950254, -0.002067238095134663, -0.002277712030371734, -0.014786044000746852,
            -0.00015066987823150746
        ],
        "R": [
            0.0019719106630877656, 0.0008706663079593672, -0.0005053543694259824, -0.002656763047985627,
            -0.00041734687884183684
        ],
        "Rust": [
            0.002307339795500733, 0.00278814967039689, 0.004483744466372891, 0.0033064210946618516, 0.006238328849472258
        ],
        "C#": [
            -0.012937024149771173, 0.0014770396177479633, -0.0010315065202384094, -0.01451929247871897,
            0.003436739970303554
        ],
        "Objective-C": [
            -0.0011923781583368896, -0.0036045307224912854, -0.0020936306044180234, -0.003721703174042466,
            -0.000657553362691729
        ],
        "C": [
            0.0012706884485514033, 0.0006388951558131198, 0.0014245905279170398, -0.006157550802888913,
            -0.0017467273533935956
        ],
        "C++": [
            -0.0020160721041009508, 0.0026726366250234, -0.0005997990640365727, -0.003924081571201131,
            -0.0014321159884682494
        ],
        "Assembly": [
            0.0033154763380837306, 0.00043861209159539935, -0.0016417668749200646, -0.0025703624143435834,
            0.00029170429972783136
        ],
        "Scala": [
            0.00033444310706473926, -0.0001867813386433239, -0.0007749419597620974, -0.0029285991381292264,
            0.00025041497925212645
        ],
        "TypeScript": [
            0.01378944942190835, 0.014726163433011995, 0.008938767844518039, 0.005626712439639567, 0.014423335752789673
        ],
        "VBA": [
            -0.0004620121229084121, 0.0029636637057998162, 0.0011744616554473664, -0.004488866299417709,
            9.781057407606819e-5
        ],
        "Go": [
            0.004582147226467149, 0.005053994108285498, 0.0007721743112835203, -5.325659180299702e-5,
            0.004871704127442988
        ]
    },
    "want": {
        "Swift": [
            -0.003516108622815879, -0.005495748789555117, 0.0009312790663644661, -0.0073028134526509775,
            -0.0008088598049707414
        ],
        "JavaScript": [
            -0.001221585755022181, 0.0079413589980796, -0.007418294618680682, -0.010060176352277156,
            0.0029459985552729995
        ],
        "Python": [
            0.009540945113969662, 0.012375395426174163, 0.009229967710368783, -0.019044625204677534,
            0.0011485701196710107
        ],
        "Ruby": [
            -0.0053034179933418996, -0.003951210722508442, -0.0014957069615721443, -0.004681317572606342,
            -0.0007728938080092083
        ],
        "SQL": [
            0.004382134661897186, 0.008751641212992142, -0.004000335878552599, -0.012706596665836678,
            0.010116134404902707
        ],
        "Java": [
            -0.003959322196492546, -0.003552502487108297, -0.006310256612213891, -0.009916097262523495,
            -0.003722336300282292
        ],
        "PHP": [
            -0.001704438847850126, -0.001698922195879686, -0.004111896593908662, -0.006498212198284316,
            -0.0001396874522405396
        ],
        "R": [
            0.002602863311504118, -0.0029276715711370714, 0.0004833838774979081, -0.008039760648421821,
            -0.00154236433649013
        ],
        "Rust": [
            0.004586105900922097, 0.005711458243080801, 0.019731266485247187, -0.0010881660558482442,
            0.014923464145162095
        ],
        "C#": [
            -0.012559990156267714, 0.0003006714471686517, -0.0011299897047671592, -0.009447823992987499,
            0.0027124075543985687
        ],
        "Objective-C": [
            -0.002758368116402867, -0.0031110478975567516, -0.0011716873845179672, -0.00297705433602013,
            -0.0010940143155171015
        ],
        "C": [
            -0.003950208112536699, -0.00044590315829552696, -0.003944799031230739, 0.0011259442286480348,
            -0.0008094863667114233
        ],
        "C++": [
            -0.009556088223014216, 0.0003666463274085291, -0.003332730963916404, 0.0008826217842600112,
            -0.002991867295607048
        ],
        "Assembly": [
            -0.0013478843306331655, 0.0003019343195386458, -0.0020269782005557565, -0.0006669628383042473,
            0.00026804115183247205
        ],
        "Scala": [
            -0.003977058425167112, -0.0037473731182771364, 9.473359606375353e-5, -0.006814875600027982,
            -0.0006897834808750301
        ],
        "TypeScript": [
            0.011060394305809296, 0.015734465492260305, 0.011935348560266665, 0.0018647434753252673, 0.01399313153230175
        ],
        "VBA": [
            2.8050013273805616e-5, 0.0014242917014660487, 0.0001868253903812029, -0.001741345205186473,
            0.00012937969941673568
        ],
        "Go": [
            0.005945050252678254, 0.00018998404529085855, 0.009897716538433271, -0.011254991519513792,
            0.009025076929712876
        ]
    }
}
